case,variant,run,binary_sha256,output_sha256,ms3_vec_allocations,ms3_vec_final_capacity_bytes,ms3_vec_final_live_bytes,ms3_vec_live_bytes_moved,ms3_vec_moving_reallocations,ms3_vec_reallocations,ms3_vec_sections
hello,baseline,0,2bd1efd6402296690cac4631bf31cc161a4074c037155339cd7ecd051c7a268e,7277a7318c05b3cb221c9ddc1995bba0deea7b291589fb6ce0ccf8f3857e3d80,8,192,84,0,0,0,4
hello,candidate,0,5f13c29d187133b6215adc643dbf5a0fc82b0697d391a2d0b9b62c5f891cdae8,7277a7318c05b3cb221c9ddc1995bba0deea7b291589fb6ce0ccf8f3857e3d80,8,192,84,0,0,0,4
hello,candidate,1,5f13c29d187133b6215adc643dbf5a0fc82b0697d391a2d0b9b62c5f891cdae8,7277a7318c05b3cb221c9ddc1995bba0deea7b291589fb6ce0ccf8f3857e3d80,8,192,84,0,0,0,4
hello,baseline,1,2bd1efd6402296690cac4631bf31cc161a4074c037155339cd7ecd051c7a268e,7277a7318c05b3cb221c9ddc1995bba0deea7b291589fb6ce0ccf8f3857e3d80,8,192,84,0,0,0,4
hello,baseline,2,2bd1efd6402296690cac4631bf31cc161a4074c037155339cd7ecd051c7a268e,7277a7318c05b3cb221c9ddc1995bba0deea7b291589fb6ce0ccf8f3857e3d80,8,192,84,0,0,0,4
hello,candidate,2,5f13c29d187133b6215adc643dbf5a0fc82b0697d391a2d0b9b62c5f891cdae8,7277a7318c05b3cb221c9ddc1995bba0deea7b291589fb6ce0ccf8f3857e3d80,8,192,84,0,0,0,4
rhello,baseline,0,2bd1efd6402296690cac4631bf31cc161a4074c037155339cd7ecd051c7a268e,967631a389972f215d294980db400e57627ca2a4fdc60a7316b5bbeb7cf998b6,304,291720,225732,283488,158,158,73
rhello,candidate,0,5f13c29d187133b6215adc643dbf5a0fc82b0697d391a2d0b9b62c5f891cdae8,967631a389972f215d294980db400e57627ca2a4fdc60a7316b5bbeb7cf998b6,268,655860,225732,13152,122,122,73
rhello,candidate,1,5f13c29d187133b6215adc643dbf5a0fc82b0697d391a2d0b9b62c5f891cdae8,967631a389972f215d294980db400e57627ca2a4fdc60a7316b5bbeb7cf998b6,268,655860,225732,13152,122,122,73
rhello,baseline,1,2bd1efd6402296690cac4631bf31cc161a4074c037155339cd7ecd051c7a268e,967631a389972f215d294980db400e57627ca2a4fdc60a7316b5bbeb7cf998b6,304,291720,225732,283488,158,158,73
rhello,baseline,2,2bd1efd6402296690cac4631bf31cc161a4074c037155339cd7ecd051c7a268e,967631a389972f215d294980db400e57627ca2a4fdc60a7316b5bbeb7cf998b6,304,291720,225732,283488,158,158,73
rhello,candidate,2,5f13c29d187133b6215adc643dbf5a0fc82b0697d391a2d0b9b62c5f891cdae8,967631a389972f215d294980db400e57627ca2a4fdc60a7316b5bbeb7cf998b6,268,655860,225732,13152,122,122,73
tblgen,baseline,0,2bd1efd6402296690cac4631bf31cc161a4074c037155339cd7ecd051c7a268e,63b068abefeb622662818685a0794d8e5c7e8a5d651213eda3577810ea3369cd,3472,4301940,2863272,4282656,2730,2730,371
tblgen,candidate,0,5f13c29d187133b6215adc643dbf5a0fc82b0697d391a2d0b9b62c5f891cdae8,63b068abefeb622662818685a0794d8e5c7e8a5d651213eda3577810ea3369cd,2820,9800820,2863272,353376,2078,2078,371
tblgen,candidate,1,5f13c29d187133b6215adc643dbf5a0fc82b0697d391a2d0b9b62c5f891cdae8,63b068abefeb622662818685a0794d8e5c7e8a5d651213eda3577810ea3369cd,2820,9800820,2863272,353376,2078,2078,371
tblgen,baseline,1,2bd1efd6402296690cac4631bf31cc161a4074c037155339cd7ecd051c7a268e,63b068abefeb622662818685a0794d8e5c7e8a5d651213eda3577810ea3369cd,3472,4301940,2863272,4282656,2730,2730,371
tblgen,baseline,2,2bd1efd6402296690cac4631bf31cc161a4074c037155339cd7ecd051c7a268e,63b068abefeb622662818685a0794d8e5c7e8a5d651213eda3577810ea3369cd,3472,4301940,2863272,4282656,2730,2730,371
tblgen,candidate,2,5f13c29d187133b6215adc643dbf5a0fc82b0697d391a2d0b9b62c5f891cdae8,63b068abefeb622662818685a0794d8e5c7e8a5d651213eda3577810ea3369cd,2820,9800820,2863272,353376,2078,2078,371
lld,baseline,0,2bd1efd6402296690cac4631bf31cc161a4074c037155339cd7ecd051c7a268e,5de7d2ef5dc164818fdbdb3d53d1f433c4bf90a9755bdce13b88e694fafcb763,65314,159999912,112499616,159604848,51788,51788,6763
lld,candidate,0,5f13c29d187133b6215adc643dbf5a0fc82b0697d391a2d0b9b62c5f891cdae8,5de7d2ef5dc164818fdbdb3d53d1f433c4bf90a9755bdce13b88e694fafcb763,49918,308416236,112499616,10582476,36392,36392,6763
lld,candidate,1,5f13c29d187133b6215adc643dbf5a0fc82b0697d391a2d0b9b62c5f891cdae8,5de7d2ef5dc164818fdbdb3d53d1f433c4bf90a9755bdce13b88e694fafcb763,49918,308416236,112499616,10582476,36392,36392,6763
lld,baseline,1,2bd1efd6402296690cac4631bf31cc161a4074c037155339cd7ecd051c7a268e,5de7d2ef5dc164818fdbdb3d53d1f433c4bf90a9755bdce13b88e694fafcb763,65314,159999912,112499616,159604848,51788,51788,6763
lld,baseline,2,2bd1efd6402296690cac4631bf31cc161a4074c037155339cd7ecd051c7a268e,5de7d2ef5dc164818fdbdb3d53d1f433c4bf90a9755bdce13b88e694fafcb763,65314,159999912,112499616,159604848,51788,51788,6763
lld,candidate,2,5f13c29d187133b6215adc643dbf5a0fc82b0697d391a2d0b9b62c5f891cdae8,5de7d2ef5dc164818fdbdb3d53d1f433c4bf90a9755bdce13b88e694fafcb763,49918,308416236,112499616,10582476,36392,36392,6763
clang,baseline,0,2bd1efd6402296690cac4631bf31cc161a4074c037155339cd7ecd051c7a268e,3fa34d9efa75ab05e4a553e9116f5943bd6a3defa8ba3b3c017b1aef37216c88,93188,279648648,196004244,279096480,74592,74592,9298
clang,candidate,0,5f13c29d187133b6215adc643dbf5a0fc82b0697d391a2d0b9b62c5f891cdae8,3fa34d9efa75ab05e4a553e9116f5943bd6a3defa8ba3b3c017b1aef37216c88,69828,517783116,196004244,14627916,51232,51232,9298
clang,candidate,1,5f13c29d187133b6215adc643dbf5a0fc82b0697d391a2d0b9b62c5f891cdae8,3fa34d9efa75ab05e4a553e9116f5943bd6a3defa8ba3b3c017b1aef37216c88,69828,517783116,196004244,14627916,51232,51232,9298
clang,baseline,1,2bd1efd6402296690cac4631bf31cc161a4074c037155339cd7ecd051c7a268e,3fa34d9efa75ab05e4a553e9116f5943bd6a3defa8ba3b3c017b1aef37216c88,93188,279648648,196004244,279096480,74592,74592,9298
clang,baseline,2,2bd1efd6402296690cac4631bf31cc161a4074c037155339cd7ecd051c7a268e,3fa34d9efa75ab05e4a553e9116f5943bd6a3defa8ba3b3c017b1aef37216c88,93188,279648648,196004244,279096480,74592,74592,9298
clang,candidate,2,5f13c29d187133b6215adc643dbf5a0fc82b0697d391a2d0b9b62c5f891cdae8,3fa34d9efa75ab05e4a553e9116f5943bd6a3defa8ba3b3c017b1aef37216c88,69828,517783116,196004244,14627916,51232,51232,9298
clang-s,baseline,0,2bd1efd6402296690cac4631bf31cc161a4074c037155339cd7ecd051c7a268e,982ccb2f6847c86c8c5fc9e63631c3b3fb4276b3ecf4a808c55100a032a80c28,19124,3052920,2186784,2697168,8712,8712,5206
clang-s,candidate,0,5f13c29d187133b6215adc643dbf5a0fc82b0697d391a2d0b9b62c5f891cdae8,982ccb2f6847c86c8c5fc9e63631c3b3fb4276b3ecf4a808c55100a032a80c28,18534,4044252,2186784,901536,8122,8122,5206
clang-s,candidate,1,5f13c29d187133b6215adc643dbf5a0fc82b0697d391a2d0b9b62c5f891cdae8,982ccb2f6847c86c8c5fc9e63631c3b3fb4276b3ecf4a808c55100a032a80c28,18534,4044252,2186784,901536,8122,8122,5206
clang-s,baseline,1,2bd1efd6402296690cac4631bf31cc161a4074c037155339cd7ecd051c7a268e,982ccb2f6847c86c8c5fc9e63631c3b3fb4276b3ecf4a808c55100a032a80c28,19124,3052920,2186784,2697168,8712,8712,5206
clang-s,baseline,2,2bd1efd6402296690cac4631bf31cc161a4074c037155339cd7ecd051c7a268e,982ccb2f6847c86c8c5fc9e63631c3b3fb4276b3ecf4a808c55100a032a80c28,19124,3052920,2186784,2697168,8712,8712,5206
clang-s,candidate,2,5f13c29d187133b6215adc643dbf5a0fc82b0697d391a2d0b9b62c5f891cdae8,982ccb2f6847c86c8c5fc9e63631c3b3fb4276b3ecf4a808c55100a032a80c28,18534,4044252,2186784,901536,8122,8122,5206
ra,baseline,0,2bd1efd6402296690cac4631bf31cc161a4074c037155339cd7ecd051c7a268e,c54bb48368d1b75376996429c790ab2e8895d835a4a9c466d93bfa77274d4947,85920,20425044,14056824,19531392,50768,50768,17576
ra,candidate,0,5f13c29d187133b6215adc643dbf5a0fc82b0697d391a2d0b9b62c5f891cdae8,c54bb48368d1b75376996429c790ab2e8895d835a4a9c466d93bfa77274d4947,79938,32057700,14056824,5791944,44786,44786,17576
ra,candidate,1,5f13c29d187133b6215adc643dbf5a0fc82b0697d391a2d0b9b62c5f891cdae8,c54bb48368d1b75376996429c790ab2e8895d835a4a9c466d93bfa77274d4947,79938,32057700,14056824,5791944,44786,44786,17576
ra,baseline,1,2bd1efd6402296690cac4631bf31cc161a4074c037155339cd7ecd051c7a268e,c54bb48368d1b75376996429c790ab2e8895d835a4a9c466d93bfa77274d4947,85920,20425044,14056824,19531392,50768,50768,17576
ra,baseline,2,2bd1efd6402296690cac4631bf31cc161a4074c037155339cd7ecd051c7a268e,c54bb48368d1b75376996429c790ab2e8895d835a4a9c466d93bfa77274d4947,85920,20425044,14056824,19531392,50768,50768,17576
ra,candidate,2,5f13c29d187133b6215adc643dbf5a0fc82b0697d391a2d0b9b62c5f891cdae8,c54bb48368d1b75376996429c790ab2e8895d835a4a9c466d93bfa77274d4947,79938,32057700,14056824,5791944,44786,44786,17576
ra-s,baseline,0,2bd1efd6402296690cac4631bf31cc161a4074c037155339cd7ecd051c7a268e,5b7b53af257f19a253831ab081923075b0f10190728da4aa399eab3b15860b6c,25986,712692,390852,90480,2144,2144,11921
ra-s,candidate,0,5f13c29d187133b6215adc643dbf5a0fc82b0697d391a2d0b9b62c5f891cdae8,5b7b53af257f19a253831ab081923075b0f10190728da4aa399eab3b15860b6c,25986,711108,390852,90480,2144,2144,11921
ra-s,candidate,1,5f13c29d187133b6215adc643dbf5a0fc82b0697d391a2d0b9b62c5f891cdae8,5b7b53af257f19a253831ab081923075b0f10190728da4aa399eab3b15860b6c,25986,711108,390852,90480,2144,2144,11921
ra-s,baseline,1,2bd1efd6402296690cac4631bf31cc161a4074c037155339cd7ecd051c7a268e,5b7b53af257f19a253831ab081923075b0f10190728da4aa399eab3b15860b6c,25986,712692,390852,90480,2144,2144,11921
ra-s,baseline,2,2bd1efd6402296690cac4631bf31cc161a4074c037155339cd7ecd051c7a268e,5b7b53af257f19a253831ab081923075b0f10190728da4aa399eab3b15860b6c,25986,712692,390852,90480,2144,2144,11921
ra-s,candidate,2,5f13c29d187133b6215adc643dbf5a0fc82b0697d391a2d0b9b62c5f891cdae8,5b7b53af257f19a253831ab081923075b0f10190728da4aa399eab3b15860b6c,25986,711108,390852,90480,2144,2144,11921
