result_file,case,variant,n,output_mode,wall_p50_ms,wall_p95_ms,wall_p99_ms,cpu_median_ms,peak_rss_median_mib,peak_rss_max_mib,binary_sha256,source_commit,output_sha256
screen-fifth.json,hello,baseline,32,reused,3.9966993499547243,4.44713793694973,4.6743531711399555,3.9029999999999996,17.1953125,17.1953125,529467bd57e056195fb71065d51881e0265e4bfabd6d879b2563a2ec9172f184,f8638be95ae14954ec3b1029e6008128d7a27f1b,7277a7318c05b3cb221c9ddc1995bba0deea7b291589fb6ce0ccf8f3857e3d80
screen-fifth.json,hello,ms2-v2,32,reused,3.915131790563464,4.404554143548012,4.414557944983244,3.827,17.1953125,17.1953125,b563006f96559de44ba351ad51c80b46fa84f7e1709cfc7e78a072cbfa517db7,3ef1d72da621bebe186476692b5570b83c2a163b,7277a7318c05b3cb221c9ddc1995bba0deea7b291589fb6ce0ccf8f3857e3d80
screen-fifth.json,rhello,baseline,32,reused,12.054907623678446,12.877439614385366,14.164162799715996,18.67,46.494140625,48.33203125,529467bd57e056195fb71065d51881e0265e4bfabd6d879b2563a2ec9172f184,f8638be95ae14954ec3b1029e6008128d7a27f1b,967631a389972f215d294980db400e57627ca2a4fdc60a7316b5bbeb7cf998b6
screen-fifth.json,rhello,ms2-v2,32,reused,11.940388474613428,13.008520007133484,13.070193119347095,18.377000000000002,46.390625,48.1484375,b563006f96559de44ba351ad51c80b46fa84f7e1709cfc7e78a072cbfa517db7,3ef1d72da621bebe186476692b5570b83c2a163b,967631a389972f215d294980db400e57627ca2a4fdc60a7316b5bbeb7cf998b6
screen-fifth.json,tblgen,baseline,32,reused,18.32148083485663,19.567121751606464,19.61125899106264,119.547,178.8984375,182.078125,529467bd57e056195fb71065d51881e0265e4bfabd6d879b2563a2ec9172f184,f8638be95ae14954ec3b1029e6008128d7a27f1b,63b068abefeb622662818685a0794d8e5c7e8a5d651213eda3577810ea3369cd
screen-fifth.json,tblgen,ms2-v2,32,reused,18.184713553637266,19.24696611240506,19.24984995275736,119.195,178.267578125,182.55078125,b563006f96559de44ba351ad51c80b46fa84f7e1709cfc7e78a072cbfa517db7,3ef1d72da621bebe186476692b5570b83c2a163b,63b068abefeb622662818685a0794d8e5c7e8a5d651213eda3577810ea3369cd
screen-fifth.json,lld,baseline,32,reused,202.40933541208506,207.45505904778838,214.93803802877665,5429.295,2724.46484375,2748.63671875,529467bd57e056195fb71065d51881e0265e4bfabd6d879b2563a2ec9172f184,f8638be95ae14954ec3b1029e6008128d7a27f1b,5de7d2ef5dc164818fdbdb3d53d1f433c4bf90a9755bdce13b88e694fafcb763
screen-fifth.json,lld,ms2-v2,32,reused,202.1420521195978,205.42657608166337,206.5140651538968,5500.5435,2725.908203125,2762.55078125,b563006f96559de44ba351ad51c80b46fa84f7e1709cfc7e78a072cbfa517db7,3ef1d72da621bebe186476692b5570b83c2a163b,5de7d2ef5dc164818fdbdb3d53d1f433c4bf90a9755bdce13b88e694fafcb763
screen-fifth.json,clang,baseline,32,reused,209.1645400505513,220.77346127480268,222.7380066178739,5100.905500000001,4704.93359375,4733.31640625,529467bd57e056195fb71065d51881e0265e4bfabd6d879b2563a2ec9172f184,f8638be95ae14954ec3b1029e6008128d7a27f1b,3fa34d9efa75ab05e4a553e9116f5943bd6a3defa8ba3b3c017b1aef37216c88
screen-fifth.json,clang,ms2-v2,32,reused,209.80505947954953,216.31131507456303,220.71313904598355,4811.519,4703.861328125,4733.2265625,b563006f96559de44ba351ad51c80b46fa84f7e1709cfc7e78a072cbfa517db7,3ef1d72da621bebe186476692b5570b83c2a163b,3fa34d9efa75ab05e4a553e9116f5943bd6a3defa8ba3b3c017b1aef37216c88
screen-fifth.json,clang-s,baseline,32,reused,56.167884496971965,64.25752583891153,66.02316303178668,1114.9134999999999,1368.720703125,1385.21875,529467bd57e056195fb71065d51881e0265e4bfabd6d879b2563a2ec9172f184,f8638be95ae14954ec3b1029e6008128d7a27f1b,982ccb2f6847c86c8c5fc9e63631c3b3fb4276b3ecf4a808c55100a032a80c28
screen-fifth.json,clang-s,ms2-v2,32,reused,56.618477916345,67.08208983764052,67.76374438777566,1108.3135,1375.125,1385.42578125,b563006f96559de44ba351ad51c80b46fa84f7e1709cfc7e78a072cbfa517db7,3ef1d72da621bebe186476692b5570b83c2a163b,982ccb2f6847c86c8c5fc9e63631c3b3fb4276b3ecf4a808c55100a032a80c28
screen-fifth.json,ra,baseline,32,reused,134.52447508461773,162.1718369424343,162.43293089792132,2370.8625,2017.103515625,2031.203125,529467bd57e056195fb71065d51881e0265e4bfabd6d879b2563a2ec9172f184,f8638be95ae14954ec3b1029e6008128d7a27f1b,c54bb48368d1b75376996429c790ab2e8895d835a4a9c466d93bfa77274d4947
screen-fifth.json,ra,ms2-v2,32,reused,132.47454329393804,158.3975669927895,160.95789289101958,2370.2625,2017.341796875,2034.41015625,b563006f96559de44ba351ad51c80b46fa84f7e1709cfc7e78a072cbfa517db7,3ef1d72da621bebe186476692b5570b83c2a163b,c54bb48368d1b75376996429c790ab2e8895d835a4a9c466d93bfa77274d4947
screen-fifth.json,ra-s,baseline,32,reused,108.79038646817207,118.6853819526732,119.14591025561094,1978.4139999999998,1418.490234375,1434.859375,529467bd57e056195fb71065d51881e0265e4bfabd6d879b2563a2ec9172f184,f8638be95ae14954ec3b1029e6008128d7a27f1b,5b7b53af257f19a253831ab081923075b0f10190728da4aa399eab3b15860b6c
screen-fifth.json,ra-s,ms2-v2,32,reused,109.80637813918293,118.7687385827303,127.94444523751736,2004.4865,1420.111328125,1434.76953125,b563006f96559de44ba351ad51c80b46fa84f7e1709cfc7e78a072cbfa517db7,3ef1d72da621bebe186476692b5570b83c2a163b,5b7b53af257f19a253831ab081923075b0f10190728da4aa399eab3b15860b6c
screen-fourth.json,hello,baseline,24,reused,4.067178349941969,4.371685907244682,4.548863973468542,3.9065,17.23046875,17.23046875,529467bd57e056195fb71065d51881e0265e4bfabd6d879b2563a2ec9172f184,f8638be95ae14954ec3b1029e6008128d7a27f1b,7277a7318c05b3cb221c9ddc1995bba0deea7b291589fb6ce0ccf8f3857e3d80
screen-fourth.json,hello,ms4,24,reused,4.032014403492212,4.4100540690124035,4.754385910928249,3.8789999999999996,17.23046875,17.23046875,01563d19f361d3bdedd870da6f32226a11d47e7392dddfe8908c6a6c9a47c5b1,d33ea5505f71adb604f660174bed64a3cb68c682,7277a7318c05b3cb221c9ddc1995bba0deea7b291589fb6ce0ccf8f3857e3d80
screen-fourth.json,rhello,baseline,24,reused,11.654618894681334,13.333756942301989,46.54850997030735,18.031999999999996,46.560546875,47.6171875,529467bd57e056195fb71065d51881e0265e4bfabd6d879b2563a2ec9172f184,f8638be95ae14954ec3b1029e6008128d7a27f1b,967631a389972f215d294980db400e57627ca2a4fdc60a7316b5bbeb7cf998b6
screen-fourth.json,rhello,ms4,24,reused,11.280941776931286,12.099193874746561,12.139394879341125,17.0855,46.373046875,47.015625,01563d19f361d3bdedd870da6f32226a11d47e7392dddfe8908c6a6c9a47c5b1,d33ea5505f71adb604f660174bed64a3cb68c682,967631a389972f215d294980db400e57627ca2a4fdc60a7316b5bbeb7cf998b6
screen-fourth.json,tblgen,baseline,24,reused,18.453163327649236,19.695302937179804,61.166818253695965,118.5365,178.150390625,182.84765625,529467bd57e056195fb71065d51881e0265e4bfabd6d879b2563a2ec9172f184,f8638be95ae14954ec3b1029e6008128d7a27f1b,63b068abefeb622662818685a0794d8e5c7e8a5d651213eda3577810ea3369cd
screen-fourth.json,tblgen,ms4,24,reused,19.32775997556746,20.163023378700018,20.278367679566145,126.1355,175.041015625,179.94921875,01563d19f361d3bdedd870da6f32226a11d47e7392dddfe8908c6a6c9a47c5b1,d33ea5505f71adb604f660174bed64a3cb68c682,63b068abefeb622662818685a0794d8e5c7e8a5d651213eda3577810ea3369cd
screen-fourth.json,lld,baseline,24,reused,202.42801401764154,205.14191407710314,207.45906233787537,5276.8565,2726.51953125,2762.53125,529467bd57e056195fb71065d51881e0265e4bfabd6d879b2563a2ec9172f184,f8638be95ae14954ec3b1029e6008128d7a27f1b,5de7d2ef5dc164818fdbdb3d53d1f433c4bf90a9755bdce13b88e694fafcb763
screen-fourth.json,lld,ms4,24,reused,214.51704832725227,218.14440796151757,219.48360186070204,5709.102,2642.654296875,2673.5859375,01563d19f361d3bdedd870da6f32226a11d47e7392dddfe8908c6a6c9a47c5b1,d33ea5505f71adb604f660174bed64a3cb68c682,5de7d2ef5dc164818fdbdb3d53d1f433c4bf90a9755bdce13b88e694fafcb763
screen-fourth.json,clang,baseline,24,reused,286.80505068041384,293.27608086168766,306.2275042757392,7800.847,4707.666015625,4726.99609375,529467bd57e056195fb71065d51881e0265e4bfabd6d879b2563a2ec9172f184,f8638be95ae14954ec3b1029e6008128d7a27f1b,3fa34d9efa75ab05e4a553e9116f5943bd6a3defa8ba3b3c017b1aef37216c88
screen-fourth.json,clang,ms4,24,reused,311.826758319512,318.0005419999361,325.18121507018805,8109.5255,4646.34375,4662.8359375,01563d19f361d3bdedd870da6f32226a11d47e7392dddfe8908c6a6c9a47c5b1,d33ea5505f71adb604f660174bed64a3cb68c682,3fa34d9efa75ab05e4a553e9116f5943bd6a3defa8ba3b3c017b1aef37216c88
screen-fourth.json,clang-s,baseline,24,reused,55.723425932228565,60.45424100011587,65.83472713828087,1136.1255,1372.984375,1389.02734375,529467bd57e056195fb71065d51881e0265e4bfabd6d879b2563a2ec9172f184,f8638be95ae14954ec3b1029e6008128d7a27f1b,982ccb2f6847c86c8c5fc9e63631c3b3fb4276b3ecf4a808c55100a032a80c28
screen-fourth.json,clang-s,ms4,24,reused,58.46183164976537,65.03643468022346,65.42725767940283,1160.52,1366.826171875,1383.32421875,01563d19f361d3bdedd870da6f32226a11d47e7392dddfe8908c6a6c9a47c5b1,d33ea5505f71adb604f660174bed64a3cb68c682,982ccb2f6847c86c8c5fc9e63631c3b3fb4276b3ecf4a808c55100a032a80c28
screen-fourth.json,ra,baseline,24,reused,130.91611815616488,159.46938283741474,160.68907314911485,2401.5665,2021.669921875,2037.99609375,529467bd57e056195fb71065d51881e0265e4bfabd6d879b2563a2ec9172f184,f8638be95ae14954ec3b1029e6008128d7a27f1b,c54bb48368d1b75376996429c790ab2e8895d835a4a9c466d93bfa77274d4947
screen-fourth.json,ra,ms4,24,reused,138.8816216494888,173.109102062881,173.71585313230753,2525.8555,1976.771484375,1995.6328125,01563d19f361d3bdedd870da6f32226a11d47e7392dddfe8908c6a6c9a47c5b1,d33ea5505f71adb604f660174bed64a3cb68c682,c54bb48368d1b75376996429c790ab2e8895d835a4a9c466d93bfa77274d4947
screen-fourth.json,ra-s,baseline,24,reused,111.10695241950452,121.79519282653928,121.96768587455153,1937.4410000000003,1416.453125,1431.109375,529467bd57e056195fb71065d51881e0265e4bfabd6d879b2563a2ec9172f184,f8638be95ae14954ec3b1029e6008128d7a27f1b,5b7b53af257f19a253831ab081923075b0f10190728da4aa399eab3b15860b6c
screen-fourth.json,ra-s,ms4,24,reused,110.81042210571468,117.99453618004918,119.5752639323473,1940.1039999999998,1414.98046875,1429.66796875,01563d19f361d3bdedd870da6f32226a11d47e7392dddfe8908c6a6c9a47c5b1,d33ea5505f71adb604f660174bed64a3cb68c682,5b7b53af257f19a253831ab081923075b0f10190728da4aa399eab3b15860b6c
screen-ms1.json,hello,ms1,24,reused,4.037639824673533,4.426310304552317,4.753065761178732,3.9324999999999997,16.45703125,16.5390625,930881d2798b67c8c87b3dcf9bd21b2a6033bf6105a35235144635e41bae7c42,f8bb8d521df7f478c453e8a4d79c41a7c8dd8832,7277a7318c05b3cb221c9ddc1995bba0deea7b291589fb6ce0ccf8f3857e3d80
screen-ms1.json,hello,baseline,24,reused,3.9141520392149687,4.4839768670499325,4.701788071542978,3.8095,16.48828125,16.53515625,529467bd57e056195fb71065d51881e0265e4bfabd6d879b2563a2ec9172f184,f8638be95ae14954ec3b1029e6008128d7a27f1b,7277a7318c05b3cb221c9ddc1995bba0deea7b291589fb6ce0ccf8f3857e3d80
screen-ms1.json,rhello,ms1,24,reused,11.379140662029386,11.954628862440586,12.071996927261353,17.563000000000002,46.7421875,48.3828125,930881d2798b67c8c87b3dcf9bd21b2a6033bf6105a35235144635e41bae7c42,f8bb8d521df7f478c453e8a4d79c41a7c8dd8832,967631a389972f215d294980db400e57627ca2a4fdc60a7316b5bbeb7cf998b6
screen-ms1.json,rhello,baseline,24,reused,11.799874249845743,12.12196284905076,12.278972193598747,18.277,46.4921875,48.10546875,529467bd57e056195fb71065d51881e0265e4bfabd6d879b2563a2ec9172f184,f8638be95ae14954ec3b1029e6008128d7a27f1b,967631a389972f215d294980db400e57627ca2a4fdc60a7316b5bbeb7cf998b6
screen-ms1.json,tblgen,ms1,24,reused,18.105977214872837,18.97823205217719,19.783675204962492,116.314,178.65625,181.578125,930881d2798b67c8c87b3dcf9bd21b2a6033bf6105a35235144635e41bae7c42,f8bb8d521df7f478c453e8a4d79c41a7c8dd8832,63b068abefeb622662818685a0794d8e5c7e8a5d651213eda3577810ea3369cd
screen-ms1.json,tblgen,baseline,24,reused,18.378736451268196,19.03846301138401,19.446793012320995,119.7955,177.658203125,180.640625,529467bd57e056195fb71065d51881e0265e4bfabd6d879b2563a2ec9172f184,f8638be95ae14954ec3b1029e6008128d7a27f1b,63b068abefeb622662818685a0794d8e5c7e8a5d651213eda3577810ea3369cd
screen-ms1.json,lld,ms1,24,reused,220.9650028962642,249.67007199302316,258.3286860026419,5348.205,2726.3359375,2744.2265625,930881d2798b67c8c87b3dcf9bd21b2a6033bf6105a35235144635e41bae7c42,f8bb8d521df7f478c453e8a4d79c41a7c8dd8832,5de7d2ef5dc164818fdbdb3d53d1f433c4bf90a9755bdce13b88e694fafcb763
screen-ms1.json,lld,baseline,24,reused,213.55917328037322,252.059830352664,258.8908700272441,5174.520499999999,2724.58984375,2750.4375,529467bd57e056195fb71065d51881e0265e4bfabd6d879b2563a2ec9172f184,f8638be95ae14954ec3b1029e6008128d7a27f1b,5de7d2ef5dc164818fdbdb3d53d1f433c4bf90a9755bdce13b88e694fafcb763
screen-ms1.json,clang,ms1,24,reused,142.52211339771748,158.5939829237759,159.43187614902854,3062.2115,4708.326171875,4724.38671875,930881d2798b67c8c87b3dcf9bd21b2a6033bf6105a35235144635e41bae7c42,f8bb8d521df7f478c453e8a4d79c41a7c8dd8832,3fa34d9efa75ab05e4a553e9116f5943bd6a3defa8ba3b3c017b1aef37216c88
screen-ms1.json,clang,baseline,24,reused,135.99980087019503,161.75827663391829,177.5203151628375,2898.0805,4705.8203125,4735.09765625,529467bd57e056195fb71065d51881e0265e4bfabd6d879b2563a2ec9172f184,f8638be95ae14954ec3b1029e6008128d7a27f1b,3fa34d9efa75ab05e4a553e9116f5943bd6a3defa8ba3b3c017b1aef37216c88
screen-ms1.json,clang-s,ms1,24,reused,60.427789343521,64.80352813377976,65.79283904284239,1121.379,1369.322265625,1382.203125,930881d2798b67c8c87b3dcf9bd21b2a6033bf6105a35235144635e41bae7c42,f8bb8d521df7f478c453e8a4d79c41a7c8dd8832,982ccb2f6847c86c8c5fc9e63631c3b3fb4276b3ecf4a808c55100a032a80c28
screen-ms1.json,clang-s,baseline,24,reused,59.473120141774416,62.8844341263175,64.88334899768233,1124.163,1366.986328125,1385.515625,529467bd57e056195fb71065d51881e0265e4bfabd6d879b2563a2ec9172f184,f8638be95ae14954ec3b1029e6008128d7a27f1b,982ccb2f6847c86c8c5fc9e63631c3b3fb4276b3ecf4a808c55100a032a80c28
screen-ms1.json,ra,ms1,24,reused,138.2639806251973,161.18160402402282,163.11435913667083,2399.6040000000003,2012.689453125,2041.703125,930881d2798b67c8c87b3dcf9bd21b2a6033bf6105a35235144635e41bae7c42,f8bb8d521df7f478c453e8a4d79c41a7c8dd8832,c54bb48368d1b75376996429c790ab2e8895d835a4a9c466d93bfa77274d4947
screen-ms1.json,ra,baseline,24,reused,135.40703826583922,149.9513373710215,159.57466512918472,2405.9030000000002,2019.455078125,2029.23828125,529467bd57e056195fb71065d51881e0265e4bfabd6d879b2563a2ec9172f184,f8638be95ae14954ec3b1029e6008128d7a27f1b,c54bb48368d1b75376996429c790ab2e8895d835a4a9c466d93bfa77274d4947
screen-ms1.json,ra-s,ms1,24,reused,117.13176779448986,126.12522579729557,126.39324180781841,1928.117,1415.16015625,1429.55078125,930881d2798b67c8c87b3dcf9bd21b2a6033bf6105a35235144635e41bae7c42,f8bb8d521df7f478c453e8a4d79c41a7c8dd8832,5b7b53af257f19a253831ab081923075b0f10190728da4aa399eab3b15860b6c
screen-ms1.json,ra-s,baseline,24,reused,116.46670754998922,131.11264584586024,131.50988006964326,1937.5075,1415.6875,1441.328125,529467bd57e056195fb71065d51881e0265e4bfabd6d879b2563a2ec9172f184,f8638be95ae14954ec3b1029e6008128d7a27f1b,5b7b53af257f19a253831ab081923075b0f10190728da4aa399eab3b15860b6c
screen-second.json,hello,baseline,24,reused,4.060477018356323,4.438926000148058,4.573228769004345,3.9364999999999997,16.478515625,16.52734375,529467bd57e056195fb71065d51881e0265e4bfabd6d879b2563a2ec9172f184,f8638be95ae14954ec3b1029e6008128d7a27f1b,7277a7318c05b3cb221c9ddc1995bba0deea7b291589fb6ce0ccf8f3857e3d80
screen-second.json,hello,ms2,24,reused,3.9315714966505766,4.069384653121233,4.129095934331417,3.831,16.46484375,16.53515625,9204becb1de90c9d8d5c0871cb350050282b10bc5aa4b9d3b459d18f24cc780e,10fcda6c688f474571b79c63f6c23c16e7d89269,7277a7318c05b3cb221c9ddc1995bba0deea7b291589fb6ce0ccf8f3857e3d80
screen-second.json,rhello,baseline,24,reused,12.32580398209393,14.05744208022952,14.153617899864912,18.63,46.4765625,48.1640625,529467bd57e056195fb71065d51881e0265e4bfabd6d879b2563a2ec9172f184,f8638be95ae14954ec3b1029e6008128d7a27f1b,967631a389972f215d294980db400e57627ca2a4fdc60a7316b5bbeb7cf998b6
screen-second.json,rhello,ms2,24,reused,12.069314951077104,13.018605764955282,13.352703303098679,18.2965,46.427734375,47.46484375,9204becb1de90c9d8d5c0871cb350050282b10bc5aa4b9d3b459d18f24cc780e,10fcda6c688f474571b79c63f6c23c16e7d89269,967631a389972f215d294980db400e57627ca2a4fdc60a7316b5bbeb7cf998b6
screen-second.json,tblgen,baseline,24,reused,18.34346540272236,18.940451089292765,18.963515758514404,120.9045,177.423828125,181.46875,529467bd57e056195fb71065d51881e0265e4bfabd6d879b2563a2ec9172f184,f8638be95ae14954ec3b1029e6008128d7a27f1b,63b068abefeb622662818685a0794d8e5c7e8a5d651213eda3577810ea3369cd
screen-second.json,tblgen,ms2,24,reused,18.302457872778177,19.384905695915222,19.535643979907036,118.18749999999999,178.365234375,180.8125,9204becb1de90c9d8d5c0871cb350050282b10bc5aa4b9d3b459d18f24cc780e,10fcda6c688f474571b79c63f6c23c16e7d89269,63b068abefeb622662818685a0794d8e5c7e8a5d651213eda3577810ea3369cd
screen-second.json,lld,baseline,24,reused,201.6585818491876,206.72340225428343,207.53832021728158,4529.2995,2725.88671875,2751.20703125,529467bd57e056195fb71065d51881e0265e4bfabd6d879b2563a2ec9172f184,f8638be95ae14954ec3b1029e6008128d7a27f1b,5de7d2ef5dc164818fdbdb3d53d1f433c4bf90a9755bdce13b88e694fafcb763
screen-second.json,lld,ms2,24,reused,202.40604178979993,215.8213509246707,219.42369733005762,4745.1835,2771.185546875,2813.6796875,9204becb1de90c9d8d5c0871cb350050282b10bc5aa4b9d3b459d18f24cc780e,10fcda6c688f474571b79c63f6c23c16e7d89269,5de7d2ef5dc164818fdbdb3d53d1f433c4bf90a9755bdce13b88e694fafcb763
screen-second.json,clang,baseline,24,reused,300.6148743443191,314.97279880568385,345.4470420256257,6711.307000000001,4705.615234375,4737.3671875,529467bd57e056195fb71065d51881e0265e4bfabd6d879b2563a2ec9172f184,f8638be95ae14954ec3b1029e6008128d7a27f1b,3fa34d9efa75ab05e4a553e9116f5943bd6a3defa8ba3b3c017b1aef37216c88
screen-second.json,clang,ms2,24,reused,305.66745181567967,323.4970346093178,331.29600901156664,7735.050499999999,4758.044921875,4777.8359375,9204becb1de90c9d8d5c0871cb350050282b10bc5aa4b9d3b459d18f24cc780e,10fcda6c688f474571b79c63f6c23c16e7d89269,3fa34d9efa75ab05e4a553e9116f5943bd6a3defa8ba3b3c017b1aef37216c88
screen-second.json,clang-s,baseline,24,reused,56.628554593771696,62.53425031900406,67.57720373570919,1126.11,1375.79296875,1386.13671875,529467bd57e056195fb71065d51881e0265e4bfabd6d879b2563a2ec9172f184,f8638be95ae14954ec3b1029e6008128d7a27f1b,982ccb2f6847c86c8c5fc9e63631c3b3fb4276b3ecf4a808c55100a032a80c28
screen-second.json,clang-s,ms2,24,reused,56.61863973364234,61.77949486300349,64.57913434132934,1124.1464999999998,1369.8515625,1388.08203125,9204becb1de90c9d8d5c0871cb350050282b10bc5aa4b9d3b459d18f24cc780e,10fcda6c688f474571b79c63f6c23c16e7d89269,982ccb2f6847c86c8c5fc9e63631c3b3fb4276b3ecf4a808c55100a032a80c28
screen-second.json,ra,baseline,24,reused,127.08483100868762,149.00358067825437,156.6451950930059,2450.1735,2020.017578125,2038.90234375,529467bd57e056195fb71065d51881e0265e4bfabd6d879b2563a2ec9172f184,f8638be95ae14954ec3b1029e6008128d7a27f1b,c54bb48368d1b75376996429c790ab2e8895d835a4a9c466d93bfa77274d4947
screen-second.json,ra,ms2,24,reused,129.63332841172814,139.91726329550147,146.22899005189538,2428.205,2057.01953125,2071.7421875,9204becb1de90c9d8d5c0871cb350050282b10bc5aa4b9d3b459d18f24cc780e,10fcda6c688f474571b79c63f6c23c16e7d89269,c54bb48368d1b75376996429c790ab2e8895d835a4a9c466d93bfa77274d4947
screen-second.json,ra-s,baseline,24,reused,112.51061456277966,128.4723849967122,129.3355249799788,1944.549,1417.529296875,1432.203125,529467bd57e056195fb71065d51881e0265e4bfabd6d879b2563a2ec9172f184,f8638be95ae14954ec3b1029e6008128d7a27f1b,5b7b53af257f19a253831ab081923075b0f10190728da4aa399eab3b15860b6c
screen-second.json,ra-s,ms2,24,reused,112.7472233492881,126.59077998250723,128.80459986627102,1962.5275000000001,1422.662109375,1433.96875,9204becb1de90c9d8d5c0871cb350050282b10bc5aa4b9d3b459d18f24cc780e,10fcda6c688f474571b79c63f6c23c16e7d89269,5b7b53af257f19a253831ab081923075b0f10190728da4aa399eab3b15860b6c
screen-third.json,hello,baseline,24,reused,4.1010878048837185,4.560059402137995,4.750458057969809,3.947,16.46484375,16.5390625,529467bd57e056195fb71065d51881e0265e4bfabd6d879b2563a2ec9172f184,f8638be95ae14954ec3b1029e6008128d7a27f1b,7277a7318c05b3cb221c9ddc1995bba0deea7b291589fb6ce0ccf8f3857e3d80
screen-third.json,hello,ms3,24,reused,4.188932245597243,4.646780900657177,4.65344125404954,4.0235,16.443359375,16.53125,c906164968f14eb8db38c6c713f5d94f4a25d2974074a3555cab52baf5a20871,8db6b72248d04d4feefc0d788fea9f9c0cfbab0f,7277a7318c05b3cb221c9ddc1995bba0deea7b291589fb6ce0ccf8f3857e3d80
screen-third.json,rhello,baseline,24,reused,12.144568376243114,13.003020081669092,14.153175987303257,18.689,46.392578125,48.89453125,529467bd57e056195fb71065d51881e0265e4bfabd6d879b2563a2ec9172f184,f8638be95ae14954ec3b1029e6008128d7a27f1b,967631a389972f215d294980db400e57627ca2a4fdc60a7316b5bbeb7cf998b6
screen-third.json,rhello,ms3,24,reused,12.01367937028408,13.626186177134514,15.230651013553143,18.612499999999997,52.38671875,53.58984375,c906164968f14eb8db38c6c713f5d94f4a25d2974074a3555cab52baf5a20871,8db6b72248d04d4feefc0d788fea9f9c0cfbab0f,967631a389972f215d294980db400e57627ca2a4fdc60a7316b5bbeb7cf998b6
screen-third.json,tblgen,baseline,24,reused,17.72625301964581,18.68875790387392,18.759917002171278,111.7345,178.822265625,181.5234375,529467bd57e056195fb71065d51881e0265e4bfabd6d879b2563a2ec9172f184,f8638be95ae14954ec3b1029e6008128d7a27f1b,63b068abefeb622662818685a0794d8e5c7e8a5d651213eda3577810ea3369cd
screen-third.json,tblgen,ms3,24,reused,18.71912437491119,20.004235208034515,20.211600232869387,119.717,239.060546875,248.21875,c906164968f14eb8db38c6c713f5d94f4a25d2974074a3555cab52baf5a20871,8db6b72248d04d4feefc0d788fea9f9c0cfbab0f,63b068abefeb622662818685a0794d8e5c7e8a5d651213eda3577810ea3369cd
screen-third.json,lld,baseline,24,reused,201.35350851342082,207.3860070668161,209.30156204849482,4364.7029999999995,2724.92578125,2759.390625,529467bd57e056195fb71065d51881e0265e4bfabd6d879b2563a2ec9172f184,f8638be95ae14954ec3b1029e6008128d7a27f1b,5de7d2ef5dc164818fdbdb3d53d1f433c4bf90a9755bdce13b88e694fafcb763
screen-third.json,lld,ms3,24,reused,202.02198205515742,209.6835128031671,210.87513165548444,4276.039000000001,3085.060546875,3117.75390625,c906164968f14eb8db38c6c713f5d94f4a25d2974074a3555cab52baf5a20871,8db6b72248d04d4feefc0d788fea9f9c0cfbab0f,5de7d2ef5dc164818fdbdb3d53d1f433c4bf90a9755bdce13b88e694fafcb763
screen-third.json,clang,baseline,24,reused,237.1283455286175,246.15261889994144,248.50751273334026,5996.130999999999,4703.265625,4732.19140625,529467bd57e056195fb71065d51881e0265e4bfabd6d879b2563a2ec9172f184,f8638be95ae14954ec3b1029e6008128d7a27f1b,3fa34d9efa75ab05e4a553e9116f5943bd6a3defa8ba3b3c017b1aef37216c88
screen-third.json,clang,ms3,24,reused,236.16706696338952,244.0897487103939,244.28969202563167,6134.014,5051.232421875,5082.109375,c906164968f14eb8db38c6c713f5d94f4a25d2974074a3555cab52baf5a20871,8db6b72248d04d4feefc0d788fea9f9c0cfbab0f,3fa34d9efa75ab05e4a553e9116f5943bd6a3defa8ba3b3c017b1aef37216c88
screen-third.json,clang-s,baseline,24,reused,57.82347545027733,70.94339793547988,71.20707910507917,1101.174,1364.2578125,1397.625,529467bd57e056195fb71065d51881e0265e4bfabd6d879b2563a2ec9172f184,f8638be95ae14954ec3b1029e6008128d7a27f1b,982ccb2f6847c86c8c5fc9e63631c3b3fb4276b3ecf4a808c55100a032a80c28
screen-third.json,clang-s,ms3,24,reused,57.80381499789655,65.8745770342648,69.16489033028483,1118.716,1380.458984375,1403.03125,c906164968f14eb8db38c6c713f5d94f4a25d2974074a3555cab52baf5a20871,8db6b72248d04d4feefc0d788fea9f9c0cfbab0f,982ccb2f6847c86c8c5fc9e63631c3b3fb4276b3ecf4a808c55100a032a80c28
screen-third.json,ra,baseline,24,reused,136.46014709956944,166.99373302981257,167.24448325112462,2324.218,2016.470703125,2038.69140625,529467bd57e056195fb71065d51881e0265e4bfabd6d879b2563a2ec9172f184,f8638be95ae14954ec3b1029e6008128d7a27f1b,c54bb48368d1b75376996429c790ab2e8895d835a4a9c466d93bfa77274d4947
screen-third.json,ra,ms3,24,reused,134.79562546126544,156.2809469178319,164.0345728956163,2329.509,2075.560546875,2090.0546875,c906164968f14eb8db38c6c713f5d94f4a25d2974074a3555cab52baf5a20871,8db6b72248d04d4feefc0d788fea9f9c0cfbab0f,c54bb48368d1b75376996429c790ab2e8895d835a4a9c466d93bfa77274d4947
screen-third.json,ra-s,baseline,24,reused,111.1844633705914,121.44644977524877,123.0320162139833,1976.878,1418.52734375,1432.29296875,529467bd57e056195fb71065d51881e0265e4bfabd6d879b2563a2ec9172f184,f8638be95ae14954ec3b1029e6008128d7a27f1b,5b7b53af257f19a253831ab081923075b0f10190728da4aa399eab3b15860b6c
screen-third.json,ra-s,ms3,24,reused,109.64818741194904,118.84173657745123,124.94607036933303,1994.723,1420.357421875,1439.37109375,c906164968f14eb8db38c6c713f5d94f4a25d2974074a3555cab52baf5a20871,8db6b72248d04d4feefc0d788fea9f9c0cfbab0f,5b7b53af257f19a253831ab081923075b0f10190728da4aa399eab3b15860b6c
